part,macro_form,secondary_form,topology_policy,thickness_policy,overlap_policy,rig_policy,qa_policy
chest,Build chest silhouette and sternum boundary first,Add layered side bands and central motif after fit,Explicit plate boundaries with clean support loops,Use controlled shell thickness after boundary approval,Keep side bands readable and non-intersecting,Minimal controlling bones for rigid zones,Front side twist and arms-up clipping checks
shoulder,Fit shoulder shell against torso envelope,Add rim and ornament only after macro fit,Keep shoulder plate addressable as separate component,Thickness only after articulation clearance,Maintain gap to chest and upper arm,Use rigid-zone weighting with measured shoulder poses,Arms-up twist attack and idle checks
helmet,Establish face aperture cheek line crown and rear shell,Add temple attachments and crown ridges as secondary features,Protect eye nose jaw and neck boundaries,Shell thickness must preserve face and neck clearance,Keep attachments separate from main shell,Head-following rigid behavior with explicit neck clearance,Face rig head turn and neck bend checks
gauntlet,Build wrist cuff and one representative finger plate,Repeat finger plates parametrically,Separate repeated finger elements with clean local topology,Use thin rigid shell preserving hand articulation,Prevent plate collisions during fist closure,Map each finger plate to intended finger chain,Fist open-hand grip and extreme finger pose checks
hip_skirt,Create modular skirt and hip plates from macro silhouette,Add wing ornament and repeated petal-like plates later,Each plate remains individually addressable,Thickness after overlap hierarchy is approved,Encode deterministic front-to-back overlap order,Pelvis-dominant weighting with limited thigh influence,Hip flex knee lift twist and locomotion checks
thigh,Fit plate to thigh clearance envelope,Add ridges only after shell fit,Preserve deformation-side edge flow and hard silhouette edges,Thin rigid shell with controlled offset,Maintain clearance to skirt and knee area,Primarily thigh bone with minimal secondary influence,Hip flex knee lift run and crouch checks
greave,Build shin shell preserving central ridge,Add side panels and ankle details later,Protect ridge and ankle opening through LOD,Controlled thickness with ankle clearance,Keep cuff and boot overlap readable,Shin-dominant weighting with ankle clearance,Walk run crouch ankle flex and knee bend checks
ornament,Place ornament only after host plate is stable,Use independent geometry for silhouette-scale relief,Keep ornament detachable from deformation-critical shell,Thickness based on screen-space role,Do not bury host plate boundaries,Follow host rigid zone unless intentionally articulated,Gameplay-distance readability and clipping checks
strap_attachment,Create as separate narrow element,Add only after rigid plates are stable,Simple topology suitable for rigid or cloth path,Minimal thickness sufficient for silhouette,Keep explicit attachment points,Choose rigid weighting or cloth behavior deliberately,Motion clipping and screen-space readability checks
